Species	Chemical Name	Ordered Freq (GHz) (rest frame, redshifted)	Resolved QNs	CDMS/JPL Intensity	Lovas/AST Intensity	E_L (cm^-1)	E_L (K)	Linelist
COv=0	Carbon Monoxide	115.27120180, 115.27120180	1-0	-5.01050	60.0	0.0000	0.0000	CDMS
COv=0	Carbon Monoxide	230.53800000, 230.53800000	2-1	-4.11970	70.	3.8450	5.5321	CDMS
COv=0	Carbon Monoxide	345.79598990, 345.79598990	3-2	-3.61180	70.00	11.5350	16.5962	CDMS
COv=0	Carbon Monoxide	461.04076820, 461.04076820	4-3	-3.26570	60.	23.0695	33.1917	CDMS
COv=0	Carbon Monoxide	576.26793050, 576.26793050	5-4	-3.01180		38.4481	55.3179	CDMS
COv=0	Carbon Monoxide	691.47307630, 691.47307630	6-5	-2.81930	100.	57.6704	82.9744	CDMS
COv=0	Carbon Monoxide	806.65180600, 806.65180600	7-6	-2.67160	110.	80.7354	116.1596	CDMS
COv=0	Carbon Monoxide	921.79970000, 921.79970000	8-7	-2.55900		107.6424	154.8725	CDMS
